Date,Open,High,Low,Close Close price adjusted for splits.,Adj Close Adjusted close price adjusted for splits and dividend and/or capital gain distributions.,Volume
"Nov 22, 2024",145.93,147.16,141.10,141.95,141.95,235772200
"Nov 21, 2024",149.35,152.89,140.70,146.67,146.67,400946600
"Nov 20, 2024",147.41,147.56,142.73,145.89,145.89,309871700
"Nov 19, 2024",141.32,147.13,140.99,147.01,147.01,227834900
"Nov 18, 2024",139.50,141.55,137.15,140.15,140.15,221866000
"Nov 15, 2024",144.87,145.24,140.08,141.98,141.98,250132900
"Nov 14, 2024",147.64,149.00,145.55,146.76,146.76,194463300
"Nov 13, 2024",149.07,149.33,145.90,146.27,146.27,191903300
"Nov 12, 2024",146.78,149.65,146.01,148.29,148.29,198634700
"Nov 11, 2024",148.68,148.85,143.57,145.26,145.26,182325600
"Nov 8, 2024",148.77,149.77,146.26,147.63,147.63,175665800
"Nov 7, 2024",146.39,148.93,146.17,148.88,148.88,207323300
"Nov 6, 2024",142.96,146.49,141.96,145.61,145.61,242043900
"Nov 5, 2024",137.45,140.37,137.33,139.91,139.91,160537400
"Nov 4, 2024",137.21,138.96,135.57,136.05,136.05,187528200
"Nov 1, 2024",134.70,137.31,134.57,135.40,135.40,207127800
"Oct 31, 2024",137.60,137.61,132.11,132.76,132.76,270039600
"Oct 30, 2024",139.54,140.33,136.81,139.34,139.34,179418100
"Oct 29, 2024",140.29,142.26,138.90,141.25,141.25,157593600
"Oct 28, 2024",143.00,143.14,140.05,140.52,140.52,173586700
"Oct 25, 2024",140.93,144.13,140.80,141.54,141.54,205122100
"Oct 24, 2024",140.82,141.35,138.46,140.41,140.41,172354900
"Oct 23, 2024",142.03,142.43,137.46,139.56,139.56,285930000
"Oct 22, 2024",142.91,144.42,141.78,143.59,143.59,226311600
"Oct 21, 2024",138.13,143.71,138.00,143.71,143.71,264554500
"Oct 18, 2024",138.67,138.90,137.28,138.00,138.00,176090200
"Oct 17, 2024",139.34,140.89,136.87,136.93,136.93,306435900
"Oct 16, 2024",133.98,136.62,131.58,135.72,135.72,264879700
"Oct 15, 2024",137.87,138.57,128.74,131.60,131.60,377831000
"Oct 14, 2024",136.47,139.60,136.30,138.07,138.07,232347700
"Oct 11, 2024",134.01,135.78,133.66,134.80,134.80,170209500
"Oct 10, 2024",131.91,135.00,131.00,134.81,134.81,242311300
"Oct 9, 2024",134.11,134.52,131.38,132.65,132.65,246191600
"Oct 8, 2024",130.26,133.48,129.42,132.89,132.89,285722500
"Oct 7, 2024",124.99,130.64,124.95,127.72,127.72,346250200
"Oct 4, 2024",124.94,125.04,121.83,124.92,124.92,243678100
"Oct 3, 2024",120.92,124.36,120.34,122.85,122.85,277118000
"Oct 2, 2024",116.44,119.38,115.14,118.85,118.85,221845900
"Oct 1, 2024",121.77,122.44,115.79,117.00,117.00,302094500
"Sep 30, 2024",118.31,121.50,118.15,121.44,121.44,226553700
"Sep 27, 2024",123.97,124.03,119.26,121.40,121.40,271009200
"Sep 26, 2024",126.80,127.67,121.80,124.04,124.04,302582900
"Sep 25, 2024",122.02,124.94,121.61,123.51,123.51,284692900
"Sep 24, 2024",116.52,121.80,115.38,120.87,120.87,354966800
"Sep 23, 2024",116.55,116.99,114.86,116.26,116.26,206228500
"Sep 20, 2024",117.06,118.62,115.39,116.00,116.00,382462400
"Sep 19, 2024",117.35,119.66,117.25,117.87,117.87,293506400
"Sep 18, 2024",115.89,117.70,113.22,113.37,113.37,310318900
"Sep 17, 2024",118.17,118.80,114.83,115.59,115.59,231925900
"Sep 16, 2024",116.79,118.18,114.36,116.78,116.78,248772300
"Sep 13, 2024",119.08,119.96,117.60,119.10,119.10,238358300
"Sep 12, 2024",0.01 Dividend,0.01 Dividend,0.01 Dividend,0.01 Dividend,0.01 Dividend,0.01 Dividend
"Sep 12, 2024",116.84,120.79,115.38,119.14,119.14,367100500
"Sep 11, 2024",109.39,117.19,107.42,116.91,116.90,441422400
"Sep 10, 2024",107.81,109.40,104.95,108.10,108.09,268283700
"Sep 9, 2024",104.88,106.55,103.69,106.47,106.46,273912000
"Sep 6, 2024",108.04,108.15,100.95,102.83,102.82,413638100
"Sep 5, 2024",104.99,109.65,104.76,107.21,107.20,306850700
"Sep 4, 2024",105.41,113.27,104.12,106.21,106.20,372470300
"Sep 3, 2024",116.01,116.21,107.29,108.00,107.99,477155100
"Aug 30, 2024",119.53,121.75,117.22,119.37,119.36,333751600
"Aug 29, 2024",121.36,124.43,116.71,117.59,117.58,453023300
"Aug 28, 2024",128.12,128.33,122.64,125.61,125.60,448101100
"Aug 27, 2024",125.05,129.20,123.88,128.30,128.29,303134600
"Aug 26, 2024",129.57,131.26,124.37,126.46,126.45,331964700
"Aug 23, 2024",125.86,129.60,125.22,129.37,129.36,323230300
"Aug 22, 2024",130.02,130.75,123.10,123.74,123.73,376189100
"Aug 21, 2024",127.32,129.35,126.66,128.50,128.49,257883600
"Aug 20, 2024",128.40,129.88,125.89,127.25,127.24,300087400
"Aug 19, 2024",124.28,130.00,123.42,130.00,129.99,318333600
"Aug 16, 2024",121.94,125.00,121.18,124.58,124.57,302589900
"Aug 15, 2024",118.76,123.24,117.47,122.86,122.85,318086700
"Aug 14, 2024",118.53,118.60,114.07,118.08,118.07,339246400
"Aug 13, 2024",112.44,116.23,111.58,116.14,116.13,312646700
"Aug 12, 2024",106.32,111.07,106.26,109.02,109.01,325559900
"Aug 9, 2024",105.64,106.60,103.43,104.75,104.74,290844200
"Aug 8, 2024",102.00,105.50,97.52,104.97,104.96,391910000
"Aug 7, 2024",107.81,108.80,98.69,98.91,98.90,411440400
"Aug 6, 2024",103.84,107.71,100.55,104.25,104.24,409012100
"Aug 5, 2024",92.06,103.41,90.69,100.45,100.44,552842400
"Aug 2, 2024",103.76,108.72,101.37,107.27,107.26,482027500
"Aug 1, 2024",117.53,120.16,106.81,109.21,109.20,523462300
"Jul 31, 2024",112.90,118.34,110.88,117.02,117.01,473174200
"Jul 30, 2024",111.52,111.99,102.54,103.73,103.72,486833300
"Jul 29, 2024",113.69,116.28,111.30,111.59,111.58,248152100
"Jul 26, 2024",116.19,116.20,111.58,113.06,113.05,293399100
"Jul 25, 2024",113.04,116.63,106.30,112.28,112.27,460067000
"Jul 24, 2024",119.17,119.95,113.44,114.25,114.24,327776900
"Jul 23, 2024",122.78,124.69,122.10,122.59,122.58,173911000
"Jul 22, 2024",120.35,124.07,119.86,123.54,123.53,258068900
"Jul 19, 2024",120.35,121.60,117.37,117.93,117.92,217223800
"Jul 18, 2024",121.85,122.40,116.56,121.09,121.08,320979500
"Jul 17, 2024",121.35,121.85,116.72,117.99,117.98,390086200
"Jul 16, 2024",128.44,129.04,124.58,126.36,126.35,214769500
"Jul 15, 2024",130.56,131.39,127.18,128.44,128.43,208326200
"Jul 12, 2024",128.26,131.92,127.22,129.24,129.23,252680500
"Jul 11, 2024",135.75,136.15,127.05,127.40,127.39,374782700
"Jul 10, 2024",134.03,135.10,132.42,134.91,134.90,248978600
"Jul 9, 2024",130.35,133.82,128.65,131.38,131.37,285366600
"Jul 8, 2024",127.49,130.77,127.04,128.20,128.19,237677300
"Jul 5, 2024",127.38,128.85,125.68,125.83,125.82,214176700
"Jul 3, 2024",121.66,128.28,121.36,128.28,128.27,215749000
"Jul 2, 2024",121.13,123.41,121.03,122.67,122.66,218374000
"Jul 1, 2024",123.47,124.84,118.83,124.30,124.29,284885500
"Jun 28, 2024",124.58,127.71,122.75,123.54,123.53,315516700
"Jun 27, 2024",124.10,126.41,122.92,123.99,123.98,252571700
"Jun 26, 2024",126.13,128.12,122.60,126.40,126.39,362975900
"Jun 25, 2024",121.20,126.50,119.32,126.09,126.08,425787500
"Jun 24, 2024",123.24,124.46,118.04,118.11,118.10,476060900
"Jun 21, 2024",127.12,130.63,124.30,126.57,126.56,655484700
"Jun 20, 2024",139.80,140.76,129.52,130.78,130.77,517768400
"Jun 18, 2024",131.14,136.33,130.69,135.58,135.57,294335100
"Jun 17, 2024",132.99,133.73,129.58,130.98,130.97,288504400
"Jun 14, 2024",129.96,132.84,128.32,131.88,131.87,309320400
"Jun 13, 2024",129.39,129.80,127.16,129.61,129.60,260704500
"Jun 12, 2024",123.06,126.88,122.57,125.20,125.19,299595000
"Jun 11, 2024",0.01 Dividend,0.01 Dividend,0.01 Dividend,0.01 Dividend,0.01 Dividend,0.01 Dividend
"Jun 11, 2024",121.77,122.87,118.74,120.91,120.90,222551200
"Jun 10, 2024",10:1 Stock Splits,10:1 Stock Splits,10:1 Stock Splits,10:1 Stock Splits,10:1 Stock Splits,10:1 Stock Splits
"Jun 10, 2024",120.37,123.10,117.01,121.79,121.77,314162700
"Jun 7, 2024",119.77,121.69,118.02,120.89,120.87,412386000
"Jun 6, 2024",124.05,125.59,118.32,121.00,120.98,664696000
"Jun 5, 2024",118.37,122.45,117.47,122.44,122.42,528402000
"Jun 4, 2024",115.72,116.60,114.04,116.44,116.42,403324000
"Jun 3, 2024",113.62,115.00,112.00,115.00,114.98,438392000
"May 31, 2024",112.52,112.72,106.94,109.63,109.61,613263000
"May 30, 2024",114.65,115.82,109.66,110.50,110.48,487350000
"May 29, 2024",113.05,115.49,110.90,114.82,114.81,557442000
"May 28, 2024",110.24,114.94,109.88,113.90,113.88,652728000
"May 24, 2024",104.45,106.47,103.00,106.47,106.45,429494000
"May 23, 2024",102.03,106.32,101.52,103.80,103.78,835065000
"May 22, 2024",95.46,96.02,93.25,94.95,94.93,548648000
"May 21, 2024",93.60,95.40,93.18,95.39,95.37,328946000
"May 20, 2024",93.75,95.20,93.44,94.78,94.76,318764000
"May 17, 2024",94.37,94.74,91.81,92.48,92.46,359691000
"May 16, 2024",94.91,95.82,94.10,94.36,94.34,323952000
"May 15, 2024",92.47,94.86,91.60,94.63,94.61,417735000
"May 14, 2024",89.60,91.65,88.93,91.36,91.34,296507000
"May 13, 2024",90.48,91.00,88.53,90.40,90.38,289680000
"May 10, 2024",90.31,91.40,89.23,89.88,89.86,335325000
"May 9, 2024",90.53,91.07,88.23,88.75,88.73,378013000
"May 8, 2024",89.48,91.19,89.42,90.41,90.40,325721000
"May 7, 2024",91.10,91.78,89.01,90.55,90.54,437342000
"May 6, 2024",89.39,92.22,89.06,92.14,92.12,376203000
"May 3, 2024",87.79,89.28,87.04,88.79,88.77,398341000
"May 2, 2024",84.45,86.24,83.20,85.82,85.80,377898000
"May 1, 2024",85.08,86.00,81.25,83.04,83.03,559863000
"Apr 30, 2024",87.24,88.82,86.30,86.40,86.39,363709000
"Apr 29, 2024",87.60,87.99,85.27,87.76,87.74,388971000
"Apr 26, 2024",83.82,88.33,83.39,87.74,87.72,551011000
"Apr 25, 2024",78.87,83.32,78.22,82.63,82.62,424641000
"Apr 24, 2024",83.95,84.08,79.18,79.68,79.66,512208000
"Apr 23, 2024",80.77,82.77,80.26,82.42,82.41,438559000
"Apr 22, 2024",78.10,80.07,76.40,79.52,79.50,596341000
"Apr 19, 2024",83.15,84.32,75.61,76.20,76.19,875198000
"Apr 18, 2024",84.97,86.19,82.40,84.67,84.66,447260000
"Apr 17, 2024",88.34,88.78,83.95,84.04,84.02,495400000
"Apr 16, 2024",86.43,88.12,86.06,87.42,87.40,370453000
"Apr 15, 2024",89.10,90.61,85.93,86.00,85.99,443077000
"Apr 12, 2024",89.70,90.18,87.53,88.19,88.17,426805000
"Apr 11, 2024",87.42,90.74,86.93,90.62,90.60,431637000
"Apr 10, 2024",83.93,87.40,83.71,87.04,87.02,431929000
"Apr 9, 2024",87.44,87.64,83.02,85.35,85.34,503547000
"Apr 8, 2024",88.70,88.83,86.73,87.13,87.12,283220000
"Apr 5, 2024",86.87,88.48,85.93,88.01,87.99,399678000
"Apr 4, 2024",90.41,90.63,85.88,85.90,85.89,434965000
"Apr 3, 2024",88.48,90.37,88.40,88.96,88.95,370067000
"Apr 2, 2024",88.45,90.09,87.62,89.45,89.44,433064000
"Apr 1, 2024",90.30,92.22,89.20,90.36,90.35,452441000
"Mar 28, 2024",90.00,91.30,89.19,90.36,90.34,435212000
"Mar 27, 2024",93.11,93.24,89.12,90.25,90.23,586067000
"Mar 26, 2024",95.85,96.38,92.50,92.56,92.55,513648000
"Mar 25, 2024",93.94,96.77,93.51,95.00,94.99,552136000
"Mar 22, 2024",91.14,94.78,90.83,94.29,94.27,586719000
"Mar 21, 2024",92.30,92.65,90.40,91.43,91.42,480372000
"Mar 20, 2024",89.80,90.41,88.22,90.37,90.36,479063000
"Mar 19, 2024",86.70,90.54,85.01,89.40,89.38,672171000
"Mar 18, 2024",90.39,92.40,87.08,88.46,88.44,668976000
"Mar 15, 2024",86.93,89.55,86.26,87.84,87.82,642086000
"Mar 14, 2024",89.58,90.65,86.60,87.94,87.93,602318000
"Mar 13, 2024",91.06,91.50,88.43,90.89,90.87,635713000
"Mar 12, 2024",88.05,91.96,86.15,91.91,91.90,668075000
"Mar 11, 2024",86.43,88.80,84.17,85.77,85.76,678364000
"Mar 8, 2024",95.14,97.40,86.51,87.53,87.51,1142269000
"Mar 7, 2024",90.16,92.77,89.60,92.67,92.65,608119000
"Mar 6, 2024",88.02,89.72,87.03,88.70,88.69,582520000
"Mar 5, 2024",0.00 Dividend,0.00 Dividend,0.00 Dividend,0.00 Dividend,0.00 Dividend,0.00 Dividend
"Mar 5, 2024",85.27,86.10,83.42,85.96,85.95,520639000
"Mar 4, 2024",84.13,87.69,83.72,85.24,85.22,615616000
"Mar 1, 2024",80.00,82.30,79.43,82.28,82.26,479135000
"Feb 29, 2024",79.09,79.99,78.35,79.11,79.10,507289000
"Feb 28, 2024",77.62,78.93,77.13,77.66,77.65,393110000
"Feb 27, 2024",79.38,79.48,77.16,78.70,78.68,391705000
"Feb 26, 2024",79.70,80.65,78.50,79.09,79.08,503973000
"Feb 23, 2024",80.79,82.39,77.57,78.82,78.80,829388000
"Feb 22, 2024",75.03,78.57,74.22,78.54,78.52,865100000
"Feb 21, 2024",68.01,68.89,66.25,67.47,67.46,690298000
"Feb 20, 2024",71.95,71.96,67.73,69.45,69.44,704833000
"Feb 16, 2024",74.10,74.40,72.50,72.61,72.60,495327000
"Feb 15, 2024",73.87,73.97,72.40,72.66,72.64,420122000
"Feb 14, 2024",73.20,74.24,71.94,73.90,73.88,504917000
"Feb 13, 2024",70.40,73.45,69.62,72.13,72.11,602580000
"Feb 12, 2024",72.60,74.61,71.25,72.25,72.23,613710000
"Feb 9, 2024",70.53,72.18,70.21,72.13,72.12,436637000
"Feb 8, 2024",70.07,70.79,69.46,69.64,69.63,414422000
"Feb 7, 2024",68.32,70.22,67.60,70.10,70.08,495575000
"Feb 6, 2024",69.63,69.75,66.30,68.22,68.21,683111000
"Feb 5, 2024",68.22,69.50,67.21,69.33,69.32,680078000
"Feb 2, 2024",63.97,66.60,63.69,66.16,66.15,476578000
"Feb 1, 2024",62.10,63.19,61.65,63.03,63.01,369146000
"Jan 31, 2024",61.44,62.27,60.70,61.53,61.51,453795000
"Jan 30, 2024",62.90,63.49,62.26,62.77,62.76,410735000
"Jan 29, 2024",61.23,62.49,60.91,62.47,62.45,348733000
"Jan 26, 2024",60.96,61.78,60.57,61.03,61.02,390309000
"Jan 25, 2024",62.35,62.72,60.85,61.62,61.60,482777000
"Jan 24, 2024",60.30,62.85,59.94,61.36,61.35,560271000
"Jan 23, 2024",59.57,59.91,58.58,59.87,59.86,294654000
"Jan 22, 2024",60.05,60.33,59.07,59.65,59.64,452955000
"Jan 19, 2024",57.99,59.50,57.22,59.49,59.48,543501000
"Jan 18, 2024",57.26,57.60,56.11,57.11,57.09,491650000
"Jan 17, 2024",56.35,56.47,54.74,56.05,56.04,474394000
"Jan 16, 2024",55.02,56.83,54.90,56.38,56.37,449580000
"Jan 12, 2024",54.62,54.97,54.33,54.71,54.70,352994000
"Jan 11, 2024",55.00,55.35,53.56,54.82,54.81,596759000
"Jan 10, 2024",53.62,54.60,53.49,54.35,54.34,533796000
"Jan 9, 2024",52.40,54.33,51.69,53.14,53.13,773100000
"Jan 8, 2024",49.51,52.28,49.48,52.25,52.24,642510000
"Jan 5, 2024",48.46,49.55,48.31,49.10,49.09,415039000
"Jan 4, 2024",47.77,48.50,47.51,48.00,47.99,306535000
"Jan 3, 2024",47.49,48.18,47.32,47.57,47.56,320896000
"Jan 2, 2024",49.24,49.29,47.60,48.17,48.16,411254000
"Dec 29, 2023",49.81,50.00,48.75,49.52,49.51,389293000
"Dec 28, 2023",49.64,49.88,49.41,49.52,49.51,246587000
"Dec 27, 2023",49.51,49.68,49.08,49.42,49.41,233648000
"Dec 26, 2023",48.97,49.60,48.96,49.28,49.27,244200000
"Dec 22, 2023",49.19,49.38,48.47,48.83,48.82,252507000
"Dec 21, 2023",48.81,49.10,48.42,48.99,48.98,300425000
"Dec 20, 2023",49.65,50.00,48.10,48.11,48.10,397894000
"Dec 19, 2023",49.42,49.70,48.90,49.60,49.59,464444000
"Dec 18, 2023",49.40,50.43,49.15,50.08,50.07,412587000
"Dec 15, 2023",48.19,49.40,48.12,48.89,48.88,479948000
"Dec 14, 2023",48.39,48.67,47.42,48.35,48.34,391232000
"Dec 13, 2023",47.63,48.59,47.61,48.09,48.08,447792000
"Dec 12, 2023",46.05,47.67,46.05,47.66,47.65,372387000
"Dec 11, 2023",47.49,47.53,45.83,46.63,46.62,509728000
"Dec 8, 2023",46.60,47.74,46.55,47.51,47.50,359224000
"Dec 7, 2023",45.70,46.63,45.60,46.60,46.59,350823000
"Dec 6, 2023",47.22,47.39,45.41,45.50,45.49,380590000
"Dec 5, 2023",0.00 Dividend,0.00 Dividend,0.00 Dividend,0.00 Dividend,0.00 Dividend,0.00 Dividend
"Dec 5, 2023",45.47,46.60,45.27,46.57,46.56,371718000
"Dec 4, 2023",46.08,46.08,45.01,45.51,45.50,437543000
"Dec 1, 2023",46.53,47.20,46.19,46.76,46.75,369317000
"Nov 30, 2023",48.02,48.11,46.42,46.77,46.76,526247000
"Nov 29, 2023",48.38,48.76,47.86,48.14,48.13,382005000
"Nov 28, 2023",48.24,48.32,47.47,47.82,47.81,401491000
"Nov 27, 2023",47.80,48.53,47.65,48.24,48.23,395662000
"Nov 24, 2023",48.47,48.92,47.74,47.78,47.76,294645000
"Nov 22, 2023",49.85,50.33,47.69,48.72,48.70,899420000
"Nov 21, 2023",50.13,50.52,49.22,49.94,49.93,565747000
"Nov 20, 2023",49.31,50.55,49.18,50.41,50.39,414120000
"Nov 17, 2023",49.52,49.72,49.01,49.30,49.28,325205000
"Nov 16, 2023",48.68,49.53,48.33,49.48,49.47,339756000
"Nov 15, 2023",49.94,49.96,48.20,48.89,48.87,475497000
"Nov 14, 2023",49.68,49.83,49.04,49.66,49.64,416954000
"Nov 13, 2023",48.32,49.12,48.10,48.62,48.61,384136000
"Nov 10, 2023",47.50,48.47,47.28,48.33,48.32,421245000
"Nov 9, 2023",47.47,48.23,46.75,46.95,46.94,540496000
"Nov 8, 2023",46.10,46.87,45.97,46.57,46.56,346719000
"Nov 7, 2023",45.72,46.22,45.16,45.96,45.94,343165000
"Nov 6, 2023",45.28,45.94,44.90,45.75,45.74,400733000
"Nov 3, 2023",44.02,45.31,43.72,45.01,44.99,424610000
"Nov 2, 2023",43.33,43.88,42.89,43.51,43.49,409172000
"Nov 1, 2023",40.88,42.38,40.87,42.33,42.31,437593000
"Oct 31, 2023",40.45,40.88,39.23,40.78,40.77,517969000
"Oct 30, 2023",41.09,41.77,40.48,41.16,41.15,388028000
"Oct 27, 2023",41.13,41.21,40.01,40.50,40.49,416784000
"Oct 26, 2023",41.85,42.26,39.88,40.33,40.31,541001000
"Oct 25, 2023",43.40,43.65,41.56,41.78,41.77,398379000
"Oct 24, 2023",43.08,43.70,42.69,43.66,43.65,401463000
"Oct 23, 2023",41.23,43.25,40.94,42.97,42.96,478530000
"Oct 20, 2023",41.89,42.47,41.08,41.39,41.37,477266000
"Oct 19, 2023",42.81,43.30,41.88,42.10,42.09,501233000
"Oct 18, 2023",42.59,43.22,41.83,42.20,42.18,627294000
"Oct 17, 2023",44.00,44.75,42.48,43.94,43.92,812333000
"Oct 16, 2023",45.06,46.22,44.91,46.10,46.08,375099000
"Oct 13, 2023",46.96,47.12,45.28,45.46,45.45,474115000
"Oct 12, 2023",46.78,47.61,46.33,46.94,46.93,481325000
"Oct 11, 2023",46.20,46.86,46.05,46.81,46.79,378137000
"Oct 10, 2023",45.31,46.26,45.09,45.80,45.78,368582000
"Oct 9, 2023",44.84,45.60,44.37,45.27,45.26,409675000
"Oct 6, 2023",44.19,45.79,44.03,45.76,45.75,434436000
"Oct 5, 2023",44.05,44.90,43.89,44.69,44.67,393483000
"Oct 4, 2023",43.74,44.14,43.29,44.04,44.03,361821000
"Oct 3, 2023",44.81,45.13,43.25,43.52,43.50,470850000
"Oct 2, 2023",44.03,45.17,43.86,44.78,44.77,433298000
"Sep 29, 2023",43.83,44.14,43.31,43.50,43.49,397830000
"Sep 28, 2023",42.46,43.45,42.12,43.09,43.08,424663000
"Sep 27, 2023",42.33,42.87,41.63,42.47,42.46,444935000
"Sep 26, 2023",42.00,42.82,41.65,41.91,41.90,402282000
"Sep 25, 2023",41.59,42.54,41.18,42.22,42.21,419091000
"Sep 22, 2023",41.57,42.12,41.23,41.61,41.60,479236000
"Sep 21, 2023",41.58,42.10,40.98,41.02,41.00,450736000
"Sep 20, 2023",43.60,43.90,42.22,42.24,42.23,367108000
"Sep 19, 2023",43.83,43.97,43.00,43.52,43.51,373064000
"Sep 18, 2023",42.75,44.24,42.00,43.97,43.95,500271000
"Sep 15, 2023",45.34,45.60,43.81,43.90,43.89,506831000
"Sep 14, 2023",45.95,45.99,45.13,45.58,45.57,370097000
"Sep 13, 2023",44.60,45.93,44.50,45.49,45.47,398355000
"Sep 12, 2023",44.74,45.67,44.53,44.87,44.86,349256000
"Sep 11, 2023",46.15,46.16,44.31,45.18,45.16,473966000
"Sep 8, 2023",45.94,46.61,45.27,45.57,45.56,473069000
"Sep 7, 2023",45.53,46.34,45.15,46.24,46.23,433330000
"Sep 6, 2023",0.00 Dividend,0.00 Dividend,0.00 Dividend,0.00 Dividend,0.00 Dividend,0.00 Dividend
"Sep 6, 2023",48.44,48.55,46.58,47.06,47.05,468670000
"Sep 5, 2023",48.22,48.85,47.86,48.55,48.53,382653000
"Sep 1, 2023",49.76,49.80,48.14,48.51,48.49,463830000
"Aug 31, 2023",49.38,49.74,48.96,49.35,49.34,528570000
"Aug 30, 2023",49.04,49.93,48.42,49.26,49.25,735206000
"Aug 29, 2023",46.67,49.08,46.39,48.78,48.77,701397000
"Aug 28, 2023",46.48,46.98,44.89,46.83,46.82,685192000
"Aug 25, 2023",47.01,47.81,45.02,46.02,46.00,925341000
"Aug 24, 2023",50.22,50.27,47.16,47.16,47.14,1156044000
"Aug 23, 2023",45.87,47.20,45.21,47.12,47.10,779046000
"Aug 22, 2023",48.13,48.19,45.33,45.67,45.65,755293000
"Aug 21, 2023",44.49,47.06,44.22,46.97,46.95,692573000
"Aug 18, 2023",42.63,43.58,41.66,43.30,43.28,583768000
"Aug 17, 2023",43.97,44.06,43.00,43.34,43.33,452395000
"Aug 16, 2023",44.52,44.67,43.41,43.49,43.47,527451000
"Aug 15, 2023",44.56,45.27,43.71,43.94,43.92,676512000
"Aug 14, 2023",40.49,43.80,40.31,43.75,43.74,690286000
"Aug 11, 2023",41.75,42.02,40.64,40.85,40.84,533085000
"Aug 10, 2023",42.16,43.57,41.83,42.39,42.37,492705000
"Aug 9, 2023",44.27,44.31,42.13,42.55,42.54,586449000
"Aug 8, 2023",44.85,45.24,44.06,44.66,44.65,353843000
"Aug 7, 2023",45.11,45.54,44.56,45.42,45.40,322154000
"Aug 4, 2023",44.99,45.64,44.39,44.68,44.66,362666000
"Aug 3, 2023",43.80,45.12,43.80,44.51,44.50,324176000
"Aug 2, 2023",45.83,45.84,43.39,44.27,44.25,530142000
"Aug 1, 2023",46.46,46.90,46.03,46.51,46.49,237858000
"Jul 31, 2023",46.75,47.13,46.51,46.73,46.71,251055000
"Jul 28, 2023",46.67,47.03,46.38,46.75,46.73,331194000
"Jul 27, 2023",46.52,47.40,45.75,45.90,45.88,455976000
"Jul 26, 2023",46.02,46.05,44.63,45.45,45.43,364237000
"Jul 25, 2023",44.94,46.18,44.92,45.68,45.66,348081000
"Jul 24, 2023",44.73,45.11,44.04,44.61,44.59,382516000
"Jul 21, 2023",45.79,45.87,44.10,44.31,44.29,963769000
"Jul 20, 2023",46.51,47.09,45.06,45.52,45.50,537865000
"Jul 19, 2023",47.46,47.82,46.74,47.08,47.06,427502000
"Jul 18, 2023",46.70,47.90,45.73,47.49,47.48,569164000
"Jul 17, 2023",46.29,46.50,45.26,46.46,46.44,510488000
"Jul 14, 2023",46.58,48.09,45.06,45.47,45.45,772075000
"Jul 13, 2023",44.52,46.15,44.49,45.98,45.96,478204000
"Jul 12, 2023",43.03,43.94,42.78,43.90,43.89,481277000
"Jul 11, 2023",42.48,42.76,42.07,42.40,42.39,298244000
"Jul 10, 2023",42.66,42.81,41.65,42.18,42.16,353908000
"Jul 7, 2023",42.32,43.21,42.18,42.50,42.49,355881000
"Jul 6, 2023",41.84,42.18,41.35,42.10,42.09,303582000
"Jul 5, 2023",42.13,43.18,42.08,42.32,42.30,323618000
"Jul 3, 2023",42.52,42.90,42.20,42.41,42.40,198209000
"Jun 30, 2023",41.68,42.55,41.50,42.30,42.29,501148000
"Jun 29, 2023",41.56,41.60,40.60,40.82,40.81,380514000
"Jun 28, 2023",40.66,41.85,40.52,41.12,41.10,582639000
"Jun 27, 2023",40.80,41.94,40.45,41.88,41.86,462175000
"Jun 26, 2023",42.46,42.76,40.10,40.63,40.62,594322000
"Jun 23, 2023",42.46,42.81,42.01,42.21,42.19,358140000
"Jun 22, 2023",42.25,43.43,42.23,43.03,43.01,417737000
"Jun 21, 2023",43.50,43.62,42.08,43.04,43.03,551603000
"Jun 20, 2023",43.00,43.99,42.67,43.81,43.79,451153000
"Jun 16, 2023",43.45,43.72,42.66,42.69,42.68,655709000
"Jun 15, 2023",42.60,43.29,42.15,42.65,42.64,568622000
"Jun 14, 2023",40.82,43.00,40.55,43.00,42.98,740465000
"Jun 13, 2023",40.19,41.10,39.74,41.02,41.01,613208000
"Jun 12, 2023",39.20,39.53,38.62,39.48,39.47,388701000
"Jun 9, 2023",39.04,39.71,38.57,38.77,38.76,427717000
"Jun 8, 2023",37.72,38.86,37.51,38.51,38.50,417772000
"Jun 7, 2023",0.00 Dividend,0.00 Dividend,0.00 Dividend,0.00 Dividend,0.00 Dividend,0.00 Dividend
"Jun 7, 2023",38.92,39.50,37.36,37.47,37.46,511998000
"Jun 6, 2023",38.83,39.16,38.15,38.65,38.64,388729000
"Jun 5, 2023",38.91,39.56,38.71,39.17,39.15,396094000
"Jun 2, 2023",40.10,40.50,39.06,39.33,39.31,482731000
"Jun 1, 2023",38.49,40.05,38.34,39.77,39.75,635873000
"May 31, 2023",39.49,40.29,37.82,37.83,37.82,1002580000
"May 30, 2023",40.60,41.94,39.95,40.11,40.09,923401000
"May 26, 2023",37.89,39.17,37.55,38.95,38.93,714397000
"May 25, 2023",38.52,39.48,36.63,37.98,37.96,1543911000
"May 24, 2023",30.21,30.61,29.81,30.54,30.52,721419000
"May 23, 2023",31.00,31.29,30.63,30.69,30.67,356253000
"May 22, 2023",30.90,31.52,30.68,31.18,31.16,372000000
"May 19, 2023",31.54,31.58,30.92,31.26,31.25,473908000
"May 18, 2023",30.41,31.83,30.32,31.68,31.66,748725000
"May 17, 2023",29.58,30.20,29.43,30.18,30.16,432535000
"May 16, 2023",28.84,29.87,28.83,29.21,29.20,449405000
"May 15, 2023",28.51,28.97,28.15,28.95,28.94,293926000
"May 12, 2023",28.53,28.78,28.05,28.34,28.33,274222000
"May 11, 2023",28.90,28.95,28.25,28.58,28.56,322149000
"May 10, 2023",29.00,29.11,28.46,28.89,28.87,369350000
"May 9, 2023",28.90,28.97,28.45,28.57,28.56,314869000
"May 8, 2023",28.52,29.22,28.35,29.15,29.14,344979000
"May 5, 2023",27.83,28.75,27.73,28.68,28.67,361494000
"May 4, 2023",27.65,27.86,27.24,27.56,27.55,321850000
"May 3, 2023",27.84,28.37,27.47,27.80,27.79,383387000
"May 2, 2023",28.68,28.84,28.08,28.21,28.20,402730000
"May 1, 2023",27.84,29.06,27.78,28.91,28.90,570329000
"Apr 28, 2023",27.23,27.76,27.07,27.75,27.74,292216000
"Apr 27, 2023",27.36,27.50,26.63,27.23,27.21,377161000
"Apr 26, 2023",27.00,27.33,26.70,26.96,26.94,406337000
"Apr 25, 2023",27.08,27.25,26.23,26.24,26.23,378527000
"Apr 24, 2023",27.01,27.37,26.67,27.04,27.03,339282000
"Apr 21, 2023",26.95,27.18,26.72,27.12,27.11,345103000
"Apr 20, 2023",27.67,28.03,27.00,27.10,27.09,427713000
"Apr 19, 2023",27.36,28.00,27.23,27.93,27.92,358660000
"Apr 18, 2023",27.53,28.11,27.36,27.67,27.65,604812000
"Apr 17, 2023",26.57,27.01,26.43,27.00,26.99,321471000
"Apr 14, 2023",26.50,26.88,26.22,26.76,26.74,395660000
"Apr 13, 2023",26.73,26.89,26.33,26.46,26.45,353615000
"Apr 12, 2023",27.37,27.47,26.45,26.50,26.48,446259000
"Apr 11, 2023",27.72,27.79,27.13,27.17,27.16,314378000
"Apr 10, 2023",26.82,27.62,26.67,27.58,27.57,395279000
"Apr 6, 2023",26.58,27.08,26.43,27.04,27.02,397654000
"Apr 5, 2023",26.83,27.00,26.40,26.88,26.87,515015000
"Apr 4, 2023",27.97,28.00,27.31,27.45,27.44,368592000
"Apr 3, 2023",27.51,28.00,27.34,27.97,27.95,398716000
"Mar 31, 2023",27.14,27.83,27.10,27.78,27.76,433933000
"Mar 30, 2023",27.23,27.50,27.10,27.38,27.37,364516000
"Mar 29, 2023",26.83,27.08,26.60,26.98,26.97,393694000
"Mar 28, 2023",26.45,26.51,25.85,26.41,26.40,356104000
"Mar 27, 2023",26.84,27.00,26.36,26.53,26.52,361026000
"Mar 24, 2023",27.03,27.17,26.35,26.78,26.77,454920000
"Mar 23, 2023",27.11,27.50,26.69,27.19,27.18,564889000
"Mar 22, 2023",26.42,27.59,26.24,26.47,26.46,797295000
"Mar 21, 2023",26.18,26.39,25.38,26.20,26.19,547408000
"Mar 20, 2023",25.61,26.02,25.13,25.90,25.89,432747000
"Mar 17, 2023",25.98,26.40,25.67,25.73,25.71,848547000
"Mar 16, 2023",24.03,25.59,23.89,25.54,25.53,583253000
"Mar 15, 2023",23.76,24.29,23.36,24.23,24.22,524486000
"Mar 14, 2023",23.50,24.22,23.46,24.06,24.05,474910000
"Mar 13, 2023",22.75,23.30,22.30,22.97,22.95,421890000
"Mar 10, 2023",23.41,23.63,22.73,22.97,22.95,474866000
"Mar 9, 2023",24.17,24.45,23.38,23.44,23.42,501257000
"Mar 8, 2023",23.49,24.20,23.42,24.18,24.17,513573000
"Mar 7, 2023",0.00 Dividend,0.00 Dividend,0.00 Dividend,0.00 Dividend,0.00 Dividend,0.00 Dividend
"Mar 7, 2023",23.60,24.13,23.24,23.29,23.28,515154000
"Mar 6, 2023",23.89,24.25,23.49,23.55,23.54,437429000
"Mar 3, 2023",23.32,23.90,23.13,23.89,23.87,412393000
"Mar 2, 2023",22.49,23.38,22.43,23.31,23.30,389415000
"Mar 1, 2023",23.19,23.26,22.51,22.70,22.68,460026000
"Feb 28, 2023",23.37,23.83,23.21,23.22,23.20,455963000
"Feb 27, 2023",23.67,23.88,23.45,23.50,23.49,452994000
"Feb 24, 2023",23.23,23.47,22.95,23.29,23.27,589716000
"Feb 23, 2023",23.44,23.89,23.02,23.66,23.65,1117995000
"Feb 22, 2023",20.71,21.10,20.42,20.75,20.74,513184000
"Feb 21, 2023",21.00,21.49,20.62,20.66,20.64,410015000
"Feb 17, 2023",21.63,21.74,20.98,21.39,21.37,465888000
"Feb 16, 2023",22.13,22.55,21.93,22.00,21.99,412026000
"Feb 15, 2023",22.55,22.85,22.11,22.76,22.75,420575000
"Feb 14, 2023",21.58,23.05,21.37,22.97,22.96,675474000
"Feb 13, 2023",21.54,22.05,20.96,21.79,21.77,474919000
"Feb 10, 2023",21.69,22.08,20.81,21.26,21.25,550737000
"Feb 9, 2023",22.61,23.02,22.12,22.34,22.32,523876000
"Feb 8, 2023",22.39,22.88,22.01,22.20,22.19,559651000
"Feb 7, 2023",21.38,22.26,21.15,22.17,22.16,664150000
"Feb 6, 2023",20.81,21.57,20.79,21.09,21.08,452197000
"Feb 3, 2023",21.00,21.75,20.79,21.10,21.09,429366000
"Feb 2, 2023",21.00,21.95,20.70,21.71,21.69,564276000
"Feb 1, 2023",19.69,21.19,19.61,20.94,20.93,660477000
"Jan 31, 2023",19.17,19.69,18.95,19.54,19.52,498017000
"Jan 30, 2023",19.95,20.14,19.15,19.16,19.15,488611000
"Jan 27, 2023",19.46,20.63,19.41,20.36,20.35,542142000
"Jan 26, 2023",19.70,20.17,19.28,19.80,19.79,489535000
"Jan 25, 2023",18.91,19.37,18.58,19.32,19.31,449537000
"Jan 24, 2023",18.83,19.50,18.82,19.26,19.25,496204000
"Jan 23, 2023",18.06,19.25,17.82,19.19,19.18,655163000
"Jan 20, 2023",17.01,17.86,16.83,17.84,17.83,564967000
"Jan 19, 2023",17.04,17.20,16.73,16.76,16.75,452932000
"Jan 18, 2023",17.67,17.87,17.28,17.38,17.37,439624000
"Jan 17, 2023",16.90,17.73,16.90,17.70,17.69,511102000
"Jan 13, 2023",16.28,16.92,16.17,16.90,16.89,447287000
"Jan 12, 2023",16.10,16.64,15.49,16.51,16.50,551409000
"Jan 11, 2023",15.84,16.03,15.56,16.00,15.99,353285000
"Jan 10, 2023",15.51,15.96,15.47,15.91,15.90,384101000
"Jan 9, 2023",15.28,16.06,15.14,15.63,15.62,504231000
"Jan 6, 2023",14.47,15.01,14.03,14.86,14.85,405044000
"Jan 5, 2023",14.49,14.56,14.15,14.27,14.26,389168000
"Jan 4, 2023",14.57,14.85,14.24,14.75,14.74,431324000
"Jan 3, 2023",14.85,15.00,14.10,14.31,14.31,401277000
"Dec 30, 2022",14.33,14.63,14.23,14.61,14.60,310490000
"Dec 29, 2022",14.40,14.68,14.23,14.60,14.59,354923000
"Dec 28, 2022",13.93,14.26,13.88,14.04,14.03,351066000
"Dec 27, 2022",15.07,15.10,14.06,14.12,14.11,464902000
"Dec 23, 2022",15.20,15.34,14.88,15.21,15.20,349326000
"Dec 22, 2022",16.09,16.14,14.88,15.34,15.33,565045000
"Dec 21, 2022",16.11,16.63,16.10,16.50,16.49,325025000
"Dec 20, 2022",16.06,16.31,15.85,16.08,16.07,403260000
"Dec 19, 2022",16.57,16.61,16.15,16.25,16.24,354039000
"Dec 16, 2022",16.86,17.04,16.41,16.57,16.56,478232000
"Dec 15, 2022",17.15,17.32,16.70,16.95,16.94,478542000
"Dec 14, 2022",17.99,18.25,17.42,17.67,17.66,496888000
"Dec 13, 2022",18.53,18.79,17.71,18.07,18.06,656589000
"Dec 12, 2022",17.04,17.54,16.80,17.53,17.52,457328000
"Dec 9, 2022",17.16,17.58,16.98,17.00,16.99,465338000
"Dec 8, 2022",16.27,17.18,15.96,17.17,17.16,515456000
"Dec 7, 2022",15.77,16.19,15.67,16.12,16.11,372388000
"Dec 6, 2022",16.53,16.57,15.82,15.99,15.98,352694000
"Dec 5, 2022",16.68,17.00,16.47,16.61,16.60,352255000
"Dec 2, 2022",16.66,16.93,16.44,16.88,16.86,371389000
"Dec 1, 2022",17.00,17.26,16.64,17.14,17.12,470977000
"Nov 30, 2022",0.00 Dividend,0.00 Dividend,0.00 Dividend,0.00 Dividend,0.00 Dividend,0.00 Dividend
"Nov 30, 2022",15.70,16.93,15.60,16.92,16.91,565298000
"Nov 29, 2022",15.83,15.93,15.52,15.64,15.62,298384000
"Nov 28, 2022",16.03,16.36,15.73,15.83,15.81,303741000
"Nov 25, 2022",16.32,16.49,16.17,16.27,16.26,167934000
